{
    "epoch": 3.0,
    "eval_exact_match": 76.88741721854305,
    "eval_f1": 85.02357941767158,
    "eval_samples": 10822
}